<elements>

  <!-- Fonts -->
  <bitmapfont id="studio.component.title" file="fonts/titlebar-font.png" hspacing="-3" vspacing="0" charwidth="10" charheight="11" gammagroup="Titlebar Font"/>
  <bitmapfont id="wasabi.font.button.small" file="fonts/button-font-small.png" hspacing="-1" vspacing="0" charwidth="5" charheight="5"  gammagroup="Button Fonts"/>
  <bitmapfont id="wasabi.font.button.normal" file="fonts/button-font-normal.png" charwidth="5" charheight="6" hspacing="0" vspacing="0" gammagroup="Button Fonts"/>
  <bitmapfont id="wasabi.font.default" file="fonts/default-font.png" charwidth="5" charheight="6" hspacing="0" vspacing="0" gammagroup="Display Fonts"/>
  <bitmapfont id="studio.component.statusbar" file="fonts/default-font.png" charwidth="5" charheight="6" hspacing="0" vspacing="0" gammagroup="Display Fonts"/>

  <!-- Bitmaps -->
  
   <bitmap id="studio.BaseTexture" file="window/background.png" gammagroup="Backgrounds"/>
  
   <!-- Frame windows -->
   <bitmap id="studio.framewnd.verticaldivider" file="window/window-elements.png" x="124" y="53" h="65" w="8" gammagroup="Backgrounds"/>
   <bitmap id="studio.framewnd.verticalgrabber" file="window/window-elements.png" x="115" y="53" h="65" w="8" gammagroup="Backgrounds"/>
   <bitmap id="studio.framewnd.horizontaldivider" file="window/window-elements.png" x="40" y="97" h="8" w="65" gammagroup="Backgrounds"/>
   <bitmap id="studio.framewnd.horizontalgrabber" file="window/window-elements.png" x="40" y="106" h="8" w="65" gammagroup="Backgrounds"/>

   <bitmap id="wasabi.frame.divider.arrow.left" file="window/window-elements.png" x="56" y="124" h="7" w="4"/>
   <bitmap id="wasabi.frame.divider.arrow.right" file="window/window-elements.png" x="60" y="124" h="7" w="4"/>
   <bitmap id="wasabi.frame.divider.arrow.up" file="window/window-elements.png" x="64" y="124" h="4" w="7"/>
   <bitmap id="wasabi.frame.divider.arrow.down" file="window/window-elements.png" x="64" y="128" h="4" w="7"/>

   <bitmap id="wasabi.frame.divider.top.left" file="window/window-elements.png" x="115" y="31" h="3" w="3"/>
   <bitmap id="wasabi.frame.divider.top" file="window/window-elements.png" x="118" y="31" h="3" w="10"/>
   <bitmap id="wasabi.frame.divider.top.right" file="window/window-elements.png" x="128" y="31" h="3" w="3"/>
   <bitmap id="wasabi.frame.divider.left" file="window/window-elements.png" x="115" y="34" h="10" w="3"/>
   <bitmap id="wasabi.frame.divider.center" file="window/window-elements.png" x="118" y="34" h="10" w="10"/>
   <bitmap id="wasabi.frame.divider.right" file="window/window-elements.png" x="128" y="34" h="10" w="3"/>
   <bitmap id="wasabi.frame.divider.bottom.left" file="window/window-elements.png" x="115" y="44" h="3" w="3"/>
   <bitmap id="wasabi.frame.divider.bottom" file="window/window-elements.png" x="118" y="44" h="3" w="10"/>
   <bitmap id="wasabi.frame.divider.bottom.right" file="window/window-elements.png" x="128" y="44" h="3" w="3"/>

   <!-- Generic Lists and Trees -->

   <bitmap id="studio.list.background" file="window/window-elements.png" x="1" y="115" h="17" w="17" gammagroup="Backgrounds"/> <!-- List background bitmap (tile) -->
   <bitmap id="studio.tree.background" file="window/window-elements.png" x="1" y="115" h="17" w="17" gammagroup="Backgrounds"/> <!-- Tree background bitmap (tile) -->

   <bitmap id="studio.tree.tab.closed" file="window/window-elements.png" x="149" y="0" h="14" w="14" gammagroup="glass"/>
   <bitmap id="studio.tree.tab.open" file="window/window-elements.png" x="135" y="0" h="14" w="14" gammagroup="glass"/>
   <bitmap id="studio.tree.link.top.bottom" file="window/window-elements.png" x="135" y="14" h="14" w="14" gammagroup="glass"/>
   <bitmap id="studio.tree.link.top.right" file="window/window-elements.png" x="135" y="42" h="14" w="14" gammagroup="glass"/>
   <bitmap id="studio.tree.link.top.rightBottom" file="window/window-elements.png" x="135" y="28" h="14" w="14" gammagroup="glass"/>
   <bitmap id="studio.tree.link.tab.top.bottom" file="window/window-elements.png" x="149" y="14" h="14" w="14" gammagroup="glass"/>
   <bitmap id="studio.tree.link.tab.top.right" file="window/window-elements.png" x="149" y="42" h="14" w="14" gammagroup="glass"/>
   <bitmap id="studio.tree.link.tab.top.rightBottom" file="window/window-elements.png" x="149" y="28" h="14" w="14" gammagroup="glass"/>
   <bitmap id="studio.tree.sort.icon" file="window/tree-sort-icon.png" gammagroup="glass"/>

   <!-- Old List & Tree scrollbars -->
   <bitmap id="studio.scrollbar.horizontal.background" file="window/window-elements.png" x="58" y="52" h="13" w="41" gammagroup="Backgrounds"/>
   <bitmap id="studio.scrollbar.horizontal.left" file="window/window-elements.png" x="40" y="13" h="13" w="17" gammagroup="Buttons"/>
   <bitmap id="studio.scrollbar.horizontal.left.hilite" file="window/window-elements.png" x="40" y="26" h="13" w="17" gammagroup="Buttons"/>
   <bitmap id="studio.scrollbar.horizontal.left.pressed" file="window/window-elements.png" x="40" y="39" h="13" w="17" gammagroup="Buttons"/>
   <bitmap id="studio.scrollbar.horizontal.right" file="window/window-elements.png" x="98" y="13" h="13" w="17" gammagroup="Buttons"/>
   <bitmap id="studio.scrollbar.horizontal.right.hilite" file="window/window-elements.png" x="98" y="26" h="13" w="17" gammagroup="Buttons"/>
   <bitmap id="studio.scrollbar.horizontal.right.pressed" file="window/window-elements.png" x="98" y="39" h="13" w="17" gammagroup="Buttons"/>
   <bitmap id="studio.scrollbar.horizontal.button" file="window/window-elements.png" x="57" y="13" h="13" w="41" gammagroup="Buttons"/>
   <bitmap id="studio.scrollbar.horizontal.button.hilite" file="window/window-elements.png" x="57" y="26" h="13" w="41" gammagroup="Buttons"/>
   <bitmap id="studio.scrollbar.horizontal.button.pressed" file="window/window-elements.png" x="57" y="39" h="13" w="41" gammagroup="Buttons"/>

   <bitmap id="studio.scrollbar.vertical.background" file="window/window-elements.png" x="39" y="55" h="41" w="13" gammagroup="Backgrounds"/>
   <bitmap id="studio.scrollbar.vertical.left" file="window/window-elements.png" x="0" y="38" h="17" w="13" gammagroup="Buttons"/>
   <bitmap id="studio.scrollbar.vertical.left.hilite" file="window/window-elements.png" x="13" y="38" h="17" w="13" gammagroup="Buttons"/>
   <bitmap id="studio.scrollbar.vertical.left.pressed" file="window/window-elements.png" x="26" y="38" h="17" w="13" gammagroup="Buttons"/>
   <bitmap id="studio.scrollbar.vertical.right" file="window/window-elements.png" x="0" y="96" h="17" w="13" gammagroup="Buttons"/>
   <bitmap id="studio.scrollbar.vertical.right.hilite" file="window/window-elements.png" x="13" y="96" h="17" w="13" gammagroup="Buttons"/>
   <bitmap id="studio.scrollbar.vertical.right.pressed" file="window/window-elements.png" x="26" y="96" h="17" w="13" gammagroup="Buttons"/>
   <bitmap id="studio.scrollbar.vertical.button" file="window/window-elements.png" x="0" y="55" h="41" w="13" gammagroup="Buttons"/>
   <bitmap id="studio.scrollbar.vertical.button.hilite" file="window/window-elements.png" x="13" y="55" h="41" w="13" gammagroup="Buttons"/>
   <bitmap id="studio.scrollbar.vertical.button.pressed" file="window/window-elements.png" x="26" y="55" h="41" w="13" gammagroup="Buttons"/>

   <!-- NewList & Tree scrollbars -->
   <bitmap id="wasabi.scrollbar.horizontal.background" file="window/window-elements.png" x="58" y="52" h="13" w="41" gammagroup="Backgrounds"/>

   <bitmap id="wasabi.scrollbar.horizontal.left" file="window/window-elements.png" x="40" y="13" h="13" w="17" gammagroup="Buttons"/>
   <bitmap id="wasabi.scrollbar.horizontal.left.hover" file="window/window-elements.png" x="40" y="26" h="13" w="17" gammagroup="Buttons"/>
   <bitmap id="wasabi.scrollbar.horizontal.left.pressed" file="window/window-elements.png" x="40" y="39" h="13" w="17" gammagroup="Buttons"/>
   <bitmap id="wasabi.scrollbar.horizontal.right" file="window/window-elements.png" x="98" y="13" h="13" w="17" gammagroup="Buttons"/>
   <bitmap id="wasabi.scrollbar.horizontal.right.hover" file="window/window-elements.png" x="98" y="26" h="13" w="17" gammagroup="Buttons"/>
   <bitmap id="wasabi.scrollbar.horizontal.right.pressed" file="window/window-elements.png" x="98" y="39" h="13" w="17" gammagroup="Buttons"/>

   <bitmap id="wasabi.scrollbar.horizontal.button.left" file="window/window-elements.png" x="57" y="13" h="13" w="3" gammagroup="Buttons"/>
   <bitmap id="wasabi.scrollbar.horizontal.button.middle" file="window/window-elements.png" x="60" y="13" h="13" w="35" gammagroup="Buttons"/>
   <bitmap id="wasabi.scrollbar.horizontal.button.right" file="window/window-elements.png" x="95" y="13" h="13" w="3" gammagroup="Buttons"/>

   <bitmap id="wasabi.scrollbar.horizontal.button.left.hover" file="window/window-elements.png" x="57" y="26" h="13" w="3" gammagroup="Buttons"/>
   <bitmap id="wasabi.scrollbar.horizontal.button.middle.hover" file="window/window-elements.png" x="60" y="26" h="13" w="35" gammagroup="Scrollbar Buttons"/>
   <bitmap id="wasabi.scrollbar.horizontal.button.right.hover" file="window/window-elements.png" x="95" y="26" h="13" w="3" gammagroup="Buttons"/>

   <bitmap id="wasabi.scrollbar.horizontal.button.left.pressed" file="window/window-elements.png" x="57" y="39" h="13" w="3" gammagroup="Buttons"/>
   <bitmap id="wasabi.scrollbar.horizontal.button.middle.pressed" file="window/window-elements.png" x="60" y="39" h="13" w="35" gammagroup="Scrollbar Buttons"/>
   <bitmap id="wasabi.scrollbar.horizontal.button.right.pressed" file="window/window-elements.png" x="95" y="39" h="13" w="3" gammagroup="Scrollbar Buttons"/>


   <bitmap id="wasabi.scrollbar.vertical.background" file="window/window-elements.png" x="39" y="55" h="41" w="13" gammagroup="Backgrounds"/>

   <bitmap id="wasabi.scrollbar.vertical.left" file="window/window-elements.png" x="0" y="38" h="17" w="13" gammagroup="Buttons"/>
   <bitmap id="wasabi.scrollbar.vertical.left.hover" file="window/window-elements.png" x="13" y="38" h="17" w="13" gammagroup="Buttons"/>
   <bitmap id="wasabi.scrollbar.vertical.left.pressed" file="window/window-elements.png" x="26" y="38" h="17" w="13" gammagroup="Buttons"/>

   <bitmap id="wasabi.scrollbar.vertical.right" file="window/window-elements.png" x="0" y="96" h="17" w="13" gammagroup="Buttons"/>
   <bitmap id="wasabi.scrollbar.vertical.right.hover" file="window/window-elements.png" x="13" y="96" h="17" w="13" gammagroup="Buttons"/>
   <bitmap id="wasabi.scrollbar.vertical.right.pressed" file="window/window-elements.png" x="26" y="96" h="17" w="13" gammagroup="Buttons"/>

   <bitmap id="wasabi.scrollbar.vertical.button.top" file="window/window-elements.png" x="0" y="55" h="3" w="13" gammagroup="Buttons"/>
   <bitmap id="wasabi.scrollbar.vertical.button.middle" file="window/window-elements.png" x="0" y="58" h="35" w="13" gammagroup="Buttons"/>
   <bitmap id="wasabi.scrollbar.vertical.button.bottom" file="window/window-elements.png" x="0" y="93" h="3" w="13" gammagroup="Buttons"/>

   <bitmap id="wasabi.scrollbar.vertical.button.top.hover" file="window/window-elements.png" x="13" y="55" h="3" w="13" gammagroup="Buttons"/>
   <bitmap id="wasabi.scrollbar.vertical.button.middle.hover" file="window/window-elements.png" x="13" y="58" h="35" w="13" gammagroup="Buttons"/>
   <bitmap id="wasabi.scrollbar.vertical.button.bottom.hover" file="window/window-elements.png" x="13" y="93" h="3" w="13" gammagroup="Buttons"/>

   <bitmap id="wasabi.scrollbar.vertical.button.top.pressed" file="window/window-elements.png" x="26" y="55" h="3" w="13" gammagroup="Buttons"/>
   <bitmap id="wasabi.scrollbar.vertical.button.middle.pressed" file="window/window-elements.png" x="26" y="58" h="35" w="13" gammagroup="Scrollbar Buttons"/>
   <bitmap id="wasabi.scrollbar.vertical.button.bottom.pressed" file="window/window-elements.png" x="26" y="93" h="3" w="13" gammagroup="Buttons"/>

   <!-- labelwnd titles -->
   <bitmap id="studio.label.upperLeft" file="window/window-elements.png" x="0" y="170" w="2" h="2" gammagroup="Backgrounds"/>
   <bitmap id="studio.label.top" file="window/window-elements.png" x="2" y="170" w="101" h="2" gammagroup="Backgrounds"/>
   <bitmap id="studio.label.upperRight" file="window/window-elements.png" x="103" y="170" w="2" h="2" gammagroup="Backgrounds"/>
   <bitmap id="studio.label.left" file="window/window-elements.png" x="0" y="172" w="2" h="7" gammagroup="Backgrounds"/>
   <bitmap id="studio.label.middle" file="window/window-elements.png" x="2" y="172" w="101" h="7" gammagroup="Backgrounds"/>
   <bitmap id="studio.label.right" file="window/window-elements.png" x="103" y="172" w="2" h="7" gammagroup="Backgrounds"/>
   <bitmap id="studio.label.lowerLeft" file="window/window-elements.png" x="0" y="179" w="2" h="2" gammagroup="Backgrounds"/>
   <bitmap id="studio.label.bottom" file="window/window-elements.png" x="2" y="179" w="101" h="2" gammagroup="Backgrounds"/>
   <bitmap id="studio.label.lowerRight" file="window/window-elements.png" x="103" y="179" w="2" h="2" gammagroup="Backgrounds"/>

   <bitmap id="wasabi.label.top.left" file="window/window-elements.png" x="0" y="170" w="2" h="2" gammagroup="Backgrounds"/>
   <bitmap id="wasabi.label.top" file="window/window-elements.png" x="2" y="170" w="101" h="2" gammagroup="Backgrounds"/>
   <bitmap id="wasabi.label.top.right" file="window/window-elements.png" x="103" y="170" w="2" h="2" gammagroup="Backgrounds"/>
   <bitmap id="wasabi.label.left" file="window/window-elements.png" x="0" y="172" w="2" h="7" gammagroup="Backgrounds"/>
   <bitmap id="wasabi.label.middle" file="window/window-elements.png" x="2" y="172" w="101" h="7" gammagroup="Backgrounds"/>
   <bitmap id="wasabi.label.right" file="window/window-elements.png" x="103" y="172" w="2" h="7" gammagroup="Backgrounds"/>
   <bitmap id="wasabi.label.bottom.left" file="window/window-elements.png" x="0" y="179" w="2" h="2" gammagroup="Backgrounds"/>
   <bitmap id="wasabi.label.bottom" file="window/window-elements.png" x="2" y="179" w="101" h="2" gammagroup="Backgrounds"/>
   <bitmap id="wasabi.label.bottom.right" file="window/window-elements.png" x="103" y="179" w="2" h="2" gammagroup="Backgrounds"/>
   
   <!-- default button -->
   <bitmap id="studio.button.upperLeft" file="window/window-elements.png" x="1" y="135" h="2" w="2" gammagroup="Buttons"/>
   <bitmap id="studio.button.top" file="window/window-elements.png" x="4" y="135" h="2" w="25" gammagroup="Buttons"/>
   <bitmap id="studio.button.upperRight" file="window/window-elements.png" x="30" y="135" h="2" w="2" gammagroup="Buttons"/>
   <bitmap id="studio.button.left" file="window/window-elements.png" x="1" y="138" h="25" w="2" gammagroup="Buttons"/>
   <bitmap id="studio.button.middle" file="window/window-elements.png" x="4" y="138" h="25" w="25" gammagroup="Buttons"/>
   <bitmap id="studio.button.right" file="window/window-elements.png" x="30" y="138" h="25" w="2" gammagroup="Buttons"/>
   <bitmap id="studio.button.lowerLeft" file="window/window-elements.png" x="1" y="164" h="2" w="2" gammagroup="Buttons"/>
   <bitmap id="studio.button.bottom" file="window/window-elements.png" x="4" y="164" h="2" w="25" gammagroup="Buttons"/>
   <bitmap id="studio.button.lowerRight" file="window/window-elements.png" x="30" y="164 " h="2" w="2" gammagroup="Buttons"/>

   <bitmap id="studio.button.pressed.upperLeft" file="window/window-elements.png" x="67" y="135" h="2" w="2" gammagroup="Buttons"/>
   <bitmap id="studio.button.pressed.top" file="window/window-elements.png" x="70" y="135" h="2" w="25" gammagroup="Buttons"/>
   <bitmap id="studio.button.pressed.upperRight" file="window/window-elements.png" x="96" y="135" h="2" w="2" gammagroup="Buttons"/>
   <bitmap id="studio.button.pressed.left" file="window/window-elements.png" x="67" y="138" h="25" w="2" gammagroup="Buttons"/>
   <bitmap id="studio.button.pressed.middle" file="window/window-elements.png" x="70" y="138" h="25" w="25" gammagroup="Buttons"/>
   <bitmap id="studio.button.pressed.right" file="window/window-elements.png" x="96" y="138" h="25" w="2" gammagroup="Buttons"/>
   <bitmap id="studio.button.pressed.lowerLeft" file="window/window-elements.png" x="67" y="164" h="2" w="2" gammagroup="Buttons"/>
   <bitmap id="studio.button.pressed.bottom" file="window/window-elements.png" x="70" y="164" h="2" w="25" gammagroup="Buttons"/>
   <bitmap id="studio.button.pressed.lowerRight" file="window/window-elements.png" x="96" y="164 " h="2" w="2" gammagroup="Buttons"/>
 
   <!-- Component status bar -->
   <bitmap id="studio.statusbar.left" file="window/window-elements.png" x="94" y="0" h="12" w="12"/>
   <bitmap id="studio.statusbar.middle" file="window/window-elements.png" x="107" y="0" h="12" w="12"/>
   <bitmap id="studio.statusbar.right" file="window/window-elements.png" x="120" y="0" h="12" w="12"/>

   <!-- Checkboxes 
   <bitmap id="studio.button.checkbox.checked" file="window/window-elements.png" x="58" y="77" h="11" w="11"/>
   <bitmap id="studio.button.checkbox.unchecked" file="window/window-elements.png" x="58" y="66" h="11" w="11"/>
   -->

   <!-- Standard Configuration Widgets -->
   <bitmap id="wasabi.button.checkbox" file="window/window-elements.png" x="79" y="77" h="7" w="7" gammagroup="glass"/>
   <bitmap id="wasabi.button.checkbox.pressed" file="window/window-elements.png" x="58" y="77" h="7" w="7" gammagroup="glass"/>

   <bitmap id="wasabi.button.checkbox.xbox" file="window/window-elements.png" x="79" y="77" h="7" w="7" gammagroup="glass"/>
   <bitmap id="wasabi.button.checkbox.xbox.pressed" file="window/window-elements.png" x="65" y="77" h="7" w="7" gammagroup="glass"/>

   <bitmap id="wasabi.button.radio.background" file="window/window-elements.png" x="58" y="66" h="11" w="11" gammagroup="glass"/>
   <bitmap id="wasabi.button.radio.background.display" file="window/window-elements.png" x="69" y="66" h="9" w="9" gammagroup="Backgrounds"/>
   <bitmap id="wasabi.button.radio" file="window/window-elements.png" x="79" y="77" h="7" w="7" gammagroup="glass"/>
   <bitmap id="wasabi.button.radio.pressed" file="window/window-elements.png" x="72" y="77" h="7" w="7" gammagroup="glass"/>


   <!-- Popup menus -->
   <bitmap id="studio.button.checkmark" file="menu/window-elements.png" x="20" y="8" h="9" w="10"/>
   <bitmap id="studio.popup.submenuIcon" file="menu/window-elements.png" x="22" y="17" h="9" w="10"/>
   <bitmap id="studio.popup.seperator" file="menu/window-elements.png" x="8" y="13" h="6" w="11" gammagroup="Menus"/>
   <bitmap id="studio.popup.background" file="menu/background.png" gammagroup="Menus"/>
   <bitmap id="studio.popup.border.topLeft" file="menu/window-elements.png" x="0" y="0" h="2" w="2" gammagroup="Menus"/>
   <bitmap id="studio.popup.border.top" file="menu/window-elements.png" x="8" y="0" h="2" w="8" gammagroup="Menus"/>
   <bitmap id="studio.popup.border.topRight" file="menu/window-elements.png" x="33" y="0" h="2" w="4" gammagroup="Menus"/>
   <bitmap id="studio.popup.border.left" file="menu/window-elements.png" x="0" y="8" h="8" w="2" gammagroup="Menus"/>
   <bitmap id="studio.popup.border.right" file="menu/window-elements.png" x="33" y="8" h="8" w="4" gammagroup="Menus"/>
   <bitmap id="studio.popup.border.bottomLeft" file="menu/window-elements.png" x="0" y="35" h="2" w="2" gammagroup="Menus"/>
   <bitmap id="studio.popup.border.bottom" file="menu/window-elements.png" x="8" y="35" h="2" w="8" gammagroup="Menus"/>
   <bitmap id="studio.popup.border.bottomRight" file="menu/window-elements.png" x="33" y="35" h="2" w="4" gammagroup="Menus"/>
   <bitmap id="studio.popup.selection.left" file="menu/selbar.png" x="0" y="0" w="5" h="10" gammagroup="Menus"/>
   <bitmap id="studio.popup.selection.right" file="menu/selbar.png" x="6" y="0" w="5" h="10" gammagroup="Menus"/>
   <bitmap id="studio.popup.selection.center" file="menu/selbar.png" x="27" y="0" w="20" h="10" gammagroup="Menus"/>

   <bitmap id="wasabi.popup.menu.check" file="menu/window-elements.png" x="20" y="8" h="9" w="10"/>
   <bitmap id="wasabi.popup.menu.submenu" file="menu/window-elements.png" x="22" y="17" h="9" w="10"/>
   <bitmap id="wasabi.popup.menu.seperator" file="menu/window-elements.png" x="8" y="13" h="6" w="11" gammagroup="Menus"/>
   <bitmap id="wasabi.popup.menu.background" file="menu/background.png" gammagroup="Menus"/>
   <bitmap id="wasabi.popup.menu.border.topLeft" file="menu/window-elements.png" x="0" y="0" h="2" w="2" gammagroup="Menus"/>
   <bitmap id="wasabi.popup.menu.border.top" file="menu/window-elements.png" x="8" y="0" h="2" w="8" gammagroup="Menus"/>
   <bitmap id="wasabi.popup.menu.border.topRight" file="menu/window-elements.png" x="33" y="0" h="2" w="4" gammagroup="Menus"/>
   <bitmap id="wasabi.popup.menu.border.left" file="menu/window-elements.png" x="0" y="8" h="8" w="2" gammagroup="Menus"/>
   <bitmap id="wasabi.popup.menu.border.right" file="menu/window-elements.png" x="33" y="8" h="8" w="4" gammagroup="Menus"/>
   <bitmap id="wasabi.popup.menu.border.bottomLeft" file="menu/window-elements.png" x="0" y="35" h="2" w="2" gammagroup="Menus"/>
   <bitmap id="wasabi.popup.menu.border.bottom" file="menu/window-elements.png" x="8" y="35" h="2" w="8" gammagroup="Menus"/>
   <bitmap id="wasabi.popup.menu.border.bottomRight" file="menu/window-elements.png" x="33" y="35" h="2" w="4" gammagroup="Menus"/>
   <bitmap id="wasabi.popup.menu.selection.left" file="menu/selbar.png" x="0" y="0" w="5" h="10" gammagroup="Menus"/>
   <bitmap id="wasabi.popup.menu.selection.right" file="menu/selbar.png" x="6" y="0" w="5" h="10" gammagroup="Menus"/>
   <bitmap id="wasabi.popup.menu.selection.center" file="menu/selbar.png" x="27" y="0" w="20" h="10" gammagroup="Menus"/>
     
   <!-- Title objects -->
   <bitmap id="wasabi.titlebar.left.active" file="window/window-elements.png" x="106" y="118" h="9" w="7" gammagroup="Titlebars"/>
   <bitmap id="wasabi.titlebar.center.active" file="window/window-elements.png" x="114" y="118" h="9" w="7" gammagroup="Titlebars"/>
   <bitmap id="wasabi.titlebar.right.active" file="window/window-elements.png" x="122" y="118" h="9" w="7" gammagroup="Titlebars"/>
   <bitmap id="wasabi.titlebar.left.inactive" file="window/window-elements.png" x="106" y="127" h="9" w="7" gammagroup="Titlebars"/>
   <bitmap id="wasabi.titlebar.center.inactive" file="window/window-elements.png" x="114" y="127" h="9" w="7" gammagroup="Titlebars"/>
   <bitmap id="wasabi.titlebar.right.inactive" file="window/window-elements.png" x="122" y="127" h="9" w="7" gammagroup="Titlebars"/>

   <!-- Window Controls -->

   <bitmap id="wasabi.button.sysmenu" file="window/window-elements.png" x="170" y="56" h="9" w="14" gammagroup="Buttons"/>
   <bitmap id="wasabi.button.sysmenu.pressed" file="window/window-elements.png" x="170" y="65" h="9" w="14" gammagroup="Buttons"/>
   <bitmap id="wasabi.button.minimize" file="window/window-elements.png" x="146" y="56" h="9" w="14" gammagroup="Buttons"/>
   <bitmap id="wasabi.button.minimize.pressed" file="window/window-elements.png" x="146" y="65" h="9" w="14" gammagroup="Buttons"/>
   <bitmap id="wasabi.button.winshade" file="window/window-elements.png" x="132" y="56" h="9" w="14" gammagroup="Buttons"/>
   <bitmap id="wasabi.button.winshade.pressed" file="window/window-elements.png" x="132" y="65" h="9" w="14" gammagroup="Buttons"/>
   <bitmap id="wasabi.button.close" file="window/window-elements.png" x="184" y="56" h="9" w="14" gammagroup="Buttons"/>
   <bitmap id="wasabi.button.close.pressed" file="window/window-elements.png" x="184" y="65" h="9" w="14" gammagroup="Buttons"/>
   <bitmap id="wasabi.button.less" file="window/window-elements.png" x="184" y="74" h="9" w="14" gammagroup="Buttons"/>
   <bitmap id="wasabi.button.less.pressed" file="window/window-elements.png" x="184" y="83" h="9" w="14" gammagroup="Buttons"/>
   <bitmap id="wasabi.button.more" file="window/window-elements.png" x="170" y="74" h="9" w="14" gammagroup="Buttons"/>
   <bitmap id="wasabi.button.more.pressed" file="window/window-elements.png" x="170" y="83" h="9" w="14" gammagroup="Buttons"/>
   <bitmap id="wasabi.button.appmenu" file="window/window-elements.png" x="160" y="74" h="9" w="10" gammagroup="Buttons"/>
   <bitmap id="wasabi.button.appmenu.pressed" file="window/window-elements.png" x="160" y="83" h="9" w="10" gammagroup="Buttons"/>
   <bitmap id="wasabi.button.exit" file="window/window-elements.png" x="160" y="56" h="9" w="10" gammagroup="Buttons"/>
   <bitmap id="wasabi.button.exit.pressed" file="window/window-elements.png" x="160" y="65" h="9" w="10" gammagroup="Buttons"/>

   <bitmap id="wasabi.button.close.flat" file="window/window-elements.png" x="160" y="56" h="9" w="10" gammagroup="Buttons"/>
   <bitmap id="wasabi.button.close.flat.pressed" file="window/window-elements.png" x="160" y="65" h="9" w="10" gammagroup="Buttons"/>

   <!-- Panel Bevels -->
   
   <bitmap id="wasabi.panel.top.left" file="window/window-elements.png" x="19" y="114" h="2" w="2" gammagroup="glass"/>
   <bitmap id="wasabi.panel.top" file="window/window-elements.png" x="21" y="114" h="2" w="16" gammagroup="glass"/>
   <bitmap id="wasabi.panel.top.right" file="window/window-elements.png" x="37" y="114" h="2" w="2" gammagroup="glass"/>
   <bitmap id="wasabi.panel.left" file="window/window-elements.png" x="19" y="116" h="16" w="2" gammagroup="glass"/>
   <bitmap id="wasabi.panel.right" file="window/window-elements.png" x="37" y="116" h="16" w="2" gammagroup="glass"/>
   <bitmap id="wasabi.panel.bottom.left" file="window/window-elements.png" x="19" y="132" h="2" w="2" gammagroup="glass"/>
   <bitmap id="wasabi.panel.bottom" file="window/window-elements.png" x="21" y="132" h="2" w="16" gammagroup="glass"/>
   <bitmap id="wasabi.panel.bottom.right" file="window/window-elements.png" x="37" y="132" h="2" w="2" gammagroup="glass"/>
   <bitmap id="wasabi.panel.tint" file="window/window-elements.png" x="24" y="119" h="10" w="10" gammagroup="glass"/>

   <!-- Object Frame-->
   
   <bitmap id="wasabi.objectframe.top.left" file="window/window-elements.png" x="0" y="114" h="1" w="1" gammagroup="glass"/>
   <bitmap id="wasabi.objectframe.top" file="window/window-elements.png" x="1" y="114" h="1" w="17" gammagroup="glass"/>
   <bitmap id="wasabi.objectframe.top.right" file="window/window-elements.png" x="18" y="114" h="1" w="1" gammagroup="glass"/>
   <bitmap id="wasabi.objectframe.left" file="window/window-elements.png" x="0" y="115" h="17" w="1" gammagroup="glass"/>
   <bitmap id="wasabi.objectframe.center" file="window/window-elements.png" x="1" y="115" h="17" w="17" gammagroup="Display Backgrounds"/>
   <bitmap id="wasabi.objectframe.right" file="window/window-elements.png" x="18" y="115" h="17" w="1" gammagroup="glass"/>
   <bitmap id="wasabi.objectframe.bottom.left" file="window/window-elements.png" x="0" y="132" h="1" w="1" gammagroup="glass"/>
   <bitmap id="wasabi.objectframe.bottom" file="window/window-elements.png" x="1" y="132" h="1" w="17" gammagroup="glass"/>
   <bitmap id="wasabi.objectframe.bottom.right" file="window/window-elements.png" x="18" y="132" h="1" w="1" gammagroup="glass"/>

   <!-- Combo Box List-->
   
   <bitmap id="wasabi.dropdownlist.list.top.left" file="window/window-elements.png" x="40" y="124" h="1" w="1"/>
   <bitmap id="wasabi.dropdownlist.list.top" file="window/window-elements.png" x="41" y="124" h="1" w="10"/>
   <bitmap id="wasabi.dropdownlist.list.top.right" file="window/window-elements.png" x="51" y="124" h="1" w="1"/>
   <bitmap id="wasabi.dropdownlist.list.left" file="window/window-elements.png" x="40" y="125" h="8" w="1"/>
   <bitmap id="wasabi.dropdownlist.list.center" file="window/window-elements.png" x="41" y="125" h="8" w="10" gammagroup="Display Backgrounds"/>
   <bitmap id="wasabi.dropdownlist.list.right" file="window/window-elements.png" x="51" y="125" h="8" w="1"/>
   <bitmap id="wasabi.dropdownlist.list.bottom.left" file="window/window-elements.png" x="40" y="133" h="1" w="1"/>
   <bitmap id="wasabi.dropdownlist.list.bottom" file="window/window-elements.png" x="41" y="133" h="1" w="10"/>
   <bitmap id="wasabi.dropdownlist.list.bottom.right" file="window/window-elements.png" x="51" y="133" h="1" w="1"/>
   
   <!-- Embedded Window -->
   
   <bitmap id="wasabi.window.top.left" file="window/window-elements.png" x="0" y="114" h="1" w="1" gammagroup="glass"/>
   <bitmap id="wasabi.window.top" file="window/window-elements.png" x="1" y="114" h="1" w="17" gammagroup="glass"/>
   <bitmap id="wasabi.window.top.right" file="window/window-elements.png" x="18" y="114" h="1" w="1" gammagroup="glass"/>
   <bitmap id="wasabi.window.left" file="window/window-elements.png" x="0" y="115" h="17" w="1" gammagroup="glass"/>
   <bitmap id="wasabi.window.center" file="window/window-elements.png" x="1" y="115" h="17" w="17" gammagroup="glass"/>
   <bitmap id="wasabi.window.right" file="window/window-elements.png" x="18" y="115" h="17" w="1" gammagroup="glass"/>
   <bitmap id="wasabi.window.bottom.left" file="window/window-elements.png" x="0" y="132" h="1" w="1" gammagroup="glass"/>
   <bitmap id="wasabi.window.bottom" file="window/window-elements.png" x="1" y="132" h="1" w="17" gammagroup="glass"/>
   <bitmap id="wasabi.window.bottom.right" file="window/window-elements.png" x="18" y="132" h="1" w="1" gammagroup="glass"/>

   <!-- Generic Button -->
   
   <bitmap id="wasabi.button.label.arrow.up" file="window/window-elements.png" x="137" y="75" h="4" w="7" gammagroup="ButtonText"/>
   <bitmap id="wasabi.button.label.arrow.down" file="window/window-elements.png" x="137" y="86" h="4" w="7" gammagroup="ButtonText"/>
   <bitmap id="wasabi.button.label.arrow.left" file="window/window-elements.png" x="133" y="79" h="7" w="4" gammagroup="ButtonText"/>
   <bitmap id="wasabi.button.label.arrow.right" file="window/window-elements.png" x="144" y="79" h="7" w="4" gammagroup="ButtonText"/>
   <bitmap id="wasabi.button.label.ellipses" file="window/window-elements.png" x="138" y="92" h="1" w="5" gammagroup="ButtonText"/>

   <bitmap id="wasabi.button.top.left" file="window/window-elements.png" x="0" y="134" h="4" w="4" gammagroup="Buttons"/>
   <bitmap id="wasabi.button.top" file="window/window-elements.png" x="4" y="134" h="4" w="25" gammagroup="Buttons"/>
   <bitmap id="wasabi.button.top.right" file="window/window-elements.png" x="29" y="134" h="4" w="4" gammagroup="Buttons"/>
   <bitmap id="wasabi.button.left" file="window/window-elements.png" x="0" y="138" h="25" w="4" gammagroup="Buttons"/>
   <bitmap id="wasabi.button.center" file="window/window-elements.png" x="4" y="138" h="25" w="25" gammagroup="Buttons"/>
   <bitmap id="wasabi.button.right" file="window/window-elements.png" x="29" y="138" h="25" w="4" gammagroup="Buttons"/>
   <bitmap id="wasabi.button.bottom.left" file="window/window-elements.png" x="0" y="163" h="4" w="4" gammagroup="Buttons"/>
   <bitmap id="wasabi.button.bottom" file="window/window-elements.png" x="4" y="163" h="4" w="25" gammagroup="Buttons"/>
   <bitmap id="wasabi.button.bottom.right" file="window/window-elements.png" x="29" y="163" h="4" w="4" gammagroup="Buttons"/>
   
   <bitmap id="wasabi.button.hover.top.left" file="window/window-elements.png" x="33" y="134" h="4" w="4" gammagroup="Buttons"/>
   <bitmap id="wasabi.button.hover.top" file="window/window-elements.png" x="37" y="134" h="4" w="25" gammagroup="Buttons"/>
   <bitmap id="wasabi.button.hover.top.right" file="window/window-elements.png" x="62" y="134" h="4" w="4" gammagroup="Buttons"/>
   <bitmap id="wasabi.button.hover.left" file="window/window-elements.png" x="33" y="138" h="25" w="4" gammagroup="Buttons"/>
   <bitmap id="wasabi.button.hover.center" file="window/window-elements.png" x="37" y="138" h="25" w="25" gammagroup="Buttons"/>
   <bitmap id="wasabi.button.hover.right" file="window/window-elements.png" x="62" y="138" h="25" w="4" gammagroup="Buttons"/>
   <bitmap id="wasabi.button.hover.bottom.left" file="window/window-elements.png" x="33" y="163" h="4" w="4" gammagroup="Buttons"/>
   <bitmap id="wasabi.button.hover.bottom" file="window/window-elements.png" x="37" y="163" h="4" w="25" gammagroup="Buttons"/>
   <bitmap id="wasabi.button.hover.bottom.right" file="window/window-elements.png" x="62" y="163" h="4" w="4" gammagroup="Buttons"/>

   <bitmap id="wasabi.button.pressed.top.left" file="window/window-elements.png" x="66" y="134" h="4" w="4" gammagroup="Buttons"/>
   <bitmap id="wasabi.button.pressed.top" file="window/window-elements.png" x="70" y="134" h="4" w="25" gammagroup="Buttons"/>
   <bitmap id="wasabi.button.pressed.top.right" file="window/window-elements.png" x="95" y="134" h="4" w="4" gammagroup="Buttons"/>
   <bitmap id="wasabi.button.pressed.left" file="window/window-elements.png" x="66" y="138" h="25" w="4" gammagroup="Buttons"/>
   <bitmap id="wasabi.button.pressed.center" file="window/window-elements.png" x="70" y="138" h="25" w="25" gammagroup="Buttons"/>
   <bitmap id="wasabi.button.pressed.right" file="window/window-elements.png" x="95" y="138" h="25" w="4" gammagroup="Buttons"/>
   <bitmap id="wasabi.button.pressed.bottom.left" file="window/window-elements.png" x="66" y="163" h="4" w="4" gammagroup="Buttons"/>
   <bitmap id="wasabi.button.pressed.bottom" file="window/window-elements.png" x="70" y="163" h="4" w="25" gammagroup="Buttons"/>
   <bitmap id="wasabi.button.pressed.bottom.right" file="window/window-elements.png" x="95" y="163" h="4" w="4" gammagroup="Buttons"/>

   <!-- Generic Sliders -->
   
   <bitmap id="wasabi.slider.horizontal.left" file="window/window-elements.png" x="106" y="149" h="8" w="8" gammagroup="Backgrounds"/>
   <bitmap id="wasabi.slider.horizontal.middle" file="window/window-elements.png" x="115" y="149" h="8" w="10" gammagroup="Backgrounds"/>
   <bitmap id="wasabi.slider.horizontal.right" file="window/window-elements.png" x="126" y="149" h="8" w="8" gammagroup="Backgrounds"/>
   
   <bitmap id="wasabi.slider.vertical.top" file="window/window-elements.png" x="138" y="136" h="8" w="8" gammagroup="Backgrounds"/>
   <bitmap id="wasabi.slider.vertical.middle" file="window/window-elements.png" x="138" y="145" h="10" w="8" gammagroup="Backgrounds"/>
   <bitmap id="wasabi.slider.vertical.bottom" file="window/window-elements.png" x="138" y="156" h="8" w="8" gammagroup="Backgrounds"/>
   
   <bitmap id="wasabi.slider.horizontal.button" file="window/window-elements.png" x="106" y="136" h="13" w="15" gammagroup="SliderKnobs"/>
   <bitmap id="wasabi.slider.horizontal.button.pressed" file="window/window-elements.png" x="121" y="136" h="13" w="15" gammagroup="SliderKnobs"/>

   <bitmap id="wasabi.slider.vertical.button" file="window/window-elements.png" x="106" y="157" h="12" w="16" gammagroup="SliderKnobs"/>
   <bitmap id="wasabi.slider.vertical.button.pressed" file="window/window-elements.png" x="122" y="157" h="12" w="16" gammagroup="SliderKnobs"/>

   <!-- Generic Group Box -->

   <bitmap id="wasabi.groupbox.top.left" file="window/window-elements.png" x="116" y="13" h="3" w="3" gammagroup="glass"/>
   <bitmap id="wasabi.groupbox.top" file="window/window-elements.png" x="120" y="13" h="3" w="8" gammagroup="glass"/>
   <bitmap id="wasabi.groupbox.top.right" file="window/window-elements.png" x="129" y="13" h="3" w="3" gammagroup="glass"/>

   <bitmap id="wasabi.groupbox.left" file="window/window-elements.png" x="116" y="17" h="8" w="3" gammagroup="glass"/>
   <bitmap id="wasabi.groupbox.right" file="window/window-elements.png" x="129" y="17" h="8" w="3" gammagroup="glass"/>
   
   <bitmap id="wasabi.groupbox.bottom.left" file="window/window-elements.png" x="116" y="26" h="3" w="3" gammagroup="glass"/>
   <bitmap id="wasabi.groupbox.bottom" file="window/window-elements.png" x="120" y="26" h="3" w="8" gammagroup="glass"/>
   <bitmap id="wasabi.groupbox.bottom.right" file="window/window-elements.png" x="129" y="26" h="3" w="3" gammagroup="glass"/>

   <!-- tooltip -->

   <bitmap id="wasabi.tooltip.top.left" file="window/tooltips-elements.png" x="0" y="0" h="4" w="4" gammagroup="Glass"/>
   <bitmap id="wasabi.tooltip.top" file="window/tooltips-elements.png" x="4" y="0" h="4" w="8" gammagroup="Glass"/>
   <bitmap id="wasabi.tooltip.top.right" file="window/tooltips-elements.png" x="13" y="0" h="4" w="4" gammagroup="Glass"/>
   <bitmap id="wasabi.tooltip.left" file="window/tooltips-elements.png" x="0" y="4" h="8" w="4" gammagroup="Glass"/>
   <bitmap id="wasabi.tooltip.center" file="window/tooltips-elements.png" x="4" y="4" h="8" w="8" gammagroup="Glass"/>
   <bitmap id="wasabi.tooltip.right" file="window/tooltips-elements.png" x="13" y="4" h="8" w="4" gammagroup="Glass"/>
   <bitmap id="wasabi.tooltip.bottom.left" file="window/tooltips-elements.png" x="0" y="13" h="4" w="4" gammagroup="Glass"/>
   <bitmap id="wasabi.tooltip.bottom" file="window/tooltips-elements.png" x="4" y="13" h="4" w="8" gammagroup="Glass"/>
   <bitmap id="wasabi.tooltip.bottom.right" file="window/tooltips-elements.png" x="13" y="13" h="4" w="4" gammagroup="Glass"/>

   <!-- tabsheet -->

   <bitmap id="wasabi.tabsheet.button.topleft" file="window/tabsheet.png" x="0" y="0" w="10" h="10" gammagroup="glass"/>
   <bitmap id="wasabi.tabsheet.button.top" file="window/tabsheet.png" x="10" y="0" w="46" h="10" gammagroup="glass" />
   <bitmap id="wasabi.tabsheet.button.topright" file="window/tabsheet.png" x="56" y="0" w="10" h="10" gammagroup="glass"/>
   <bitmap id="wasabi.tabsheet.button.left" file="window/tabsheet.png" x="0" y="10" w="10" h="15" gammagroup="glass"/>
   <bitmap id="wasabi.tabsheet.button.right" file="window/tabsheet.png" x="56" y="10" w="10" h="15" gammagroup="glass"/>
   <bitmap id="wasabi.tabsheet.button.bottom" file="window/tabsheet.png" x="0" y="26" w="66" h="2" gammagroup="glass"/>
   <bitmap id="wasabi.tabsheet.button.shade.topleft" file="window/tabsheet.png" x="0" y="29" w="10" h="10" gammagroup="glass"/>
   <bitmap id="wasabi.tabsheet.button.shade.top" file="window/tabsheet.png" x="10" y="29" w="46" h="10" gammagroup="glass"/>
   <bitmap id="wasabi.tabsheet.button.shade.topright" file="window/tabsheet.png" x="56" y="29" w="10" h="10" gammagroup="glass"/>
   <bitmap id="wasabi.tabsheet.button.shade.left" file="window/tabsheet.png" x="0" y="39" w="10" h="11" gammagroup="glass"/>
   <bitmap id="wasabi.tabsheet.button.shade.middle" file="window/tabsheet.png" x="10" y="39" w="46" h="11" gammagroup="glass"/>
   <bitmap id="wasabi.tabsheet.button.shade.right" file="window/tabsheet.png" x="56" y="39" w="10" h="11" gammagroup="glass"/>



</elements>